<?xml version="1.0" encoding="UTF-8" standalone="no"?><beast beautitemplate='Standard' beautistatus='' namespace="beast.core:beast.evolution.alignment:beast.evolution.tree.coalescent:beast.core.util:beast.evolution.nuc:beast.evolution.operators:beast.evolution.sitemodel:beast.evolution.substitutionmodel:beast.base.evolution.alignment:beast.pkgmgmt:beast.base.core:beast.base.inference:beast.base.evolution.tree.coalescent:beast.pkgmgmt:beast.base.core:beast.base.inference.util:beast.evolution.nuc:beast.base.evolution.operator:beast.base.inference.operator:beast.base.evolution.sitemodel:beast.base.evolution.substitutionmodel:beast.base.evolution.likelihood" required="BEAST.base v2.7.5:BICEPS v1.1.1:bModelTest v1.3.3:OBAMA v1.1.1:ORC v1.1.2:BEASTLabs v2.0.2" version="2.7">
        

    <map name="Uniform" >beast.base.inference.distribution.Uniform</map>
    <map name="Exponential" >beast.base.inference.distribution.Exponential</map>
    <map name="LogNormal" >beast.base.inference.distribution.LogNormalDistributionModel</map>
    <map name="Normal" >beast.base.inference.distribution.Normal</map>
    <map name="Beta" >beast.base.inference.distribution.Beta</map>
    <map name="Gamma" >beast.base.inference.distribution.Gamma</map>
    <map name="LaplaceDistribution" >beast.base.inference.distribution.LaplaceDistribution</map>
    <map name="prior" >beast.base.inference.distribution.Prior</map>
    <map name="InverseGamma" >beast.base.inference.distribution.InverseGamma</map>



    <data id="data" spec="hetmm.KineticData" >
             <observation spec="hetmm.KineticDataPoint" reactant="X" a="0.0052" v="0.866" />
<observation spec="hetmm.KineticDataPoint" reactant="X" a="0.0104" v="1.466" />
<observation spec="hetmm.KineticDataPoint" reactant="X" a="0.0208" v="2.114" />
<observation spec="hetmm.KineticDataPoint" reactant="X" a="0.0416" v="2.666" />
<observation spec="hetmm.KineticDataPoint" reactant="X" a="0.0833" v="3.236" />
<observation spec="hetmm.KineticDataPoint" reactant="X" a="0.167" v="3.636" />
<observation spec="hetmm.KineticDataPoint" reactant="X" a="0.333" v="3.636" />
    </data>
        


    <run id="mcmc" spec="MCMC" chainLength="50000000">
            
        <state id="state" spec="State" storeEvery="5000">
                    
          
         <parameter id="vmax" spec="parameter.RealParameter" lower="0.0" name="stateNode">10.0</parameter>
        <parameter id="km" spec="parameter.RealParameter" lower="0.0" name="stateNode">10.0</parameter>        
        <parameter id="kmSD" spec="parameter.RealParameter" lower="0.0" name="stateNode">2.0</parameter>
        <parameter id="hillLower" spec="parameter.RealParameter" lower="0" upper="1" name="stateNode">0.5</parameter>
        <parameter id="hillUpper" spec="parameter.RealParameter" lower="1" name="stateNode">2</parameter>

        <parameter id="errorSD" spec="parameter.RealParameter" lower="0.0" name="stateNode">0.1</parameter>

        <parameter id="modelIndicator" spec="parameter.BooleanParameter" name="stateNode">true</parameter>
        <parameter id="hillIndicator" spec="parameter.BooleanParameter" name="stateNode">false</parameter>
        <parameter id="hillDirectionIndicator" spec="parameter.BooleanParameter" name="stateNode">true</parameter>
                
        </state>
            
        
            
        <distribution id="posterior" spec="CompoundDistribution">
           <distribution id="prior" spec="CompoundDistribution">

                <prior id="hillLower.prior" name="distribution" x="@hillLower">
                    <Beta alpha="2" beta="4" name="distr" />
                </prior>

                <prior id="hillUpper.prior" name="distribution" x="@hillUpper">
                    <Gamma alpha="3" beta="1" offset="1" name="distr" />
                </prior>


                <prior id="vmax.prior" name="distribution" x="@vmax">
                    <LogNormal M="1" S="2" meanInRealSpace="false" name="distr" />
                </prior> 

                
                <prior id="km.prior" name="distribution" x="@km">
                    <LogNormal M="1" S="2" meanInRealSpace="false" name="distr" />
                </prior>

                

                 <prior id="km.sd.prior" name="distribution" x="@kmSD">
                    <LogNormal M="1" S="0.5" meanInRealSpace="false" name="distr" />
                </prior>

                <distribution spec="hetmm.BinomialPrior" id="indicator.prior" x="@modelIndicator" p="0.5" />
                <distribution spec="hetmm.BinomialPrior" id="hillindicator.prior" x="@hillIndicator" p="0.5" />
                <distribution spec="hetmm.BinomialPrior" id="hillDirectionIndicator.prior" x="@hillDirectionIndicator" p="0.5" />
                 
                

                 <prior id="sd.prior" name="distribution" x="@errorSD">
                    <LogNormal M="-1.5" S="1" meanInRealSpace="false" name="distr" />
                </prior>


                        
            </distribution>
                    
                    
            <distribution id="likelihood" spec="CompoundDistribution" useThreads="true">

                <distribution id="HKLikelihood" spec="hetmm.HKLikelihood" data="@data" hillLower="@hillLower" hillUpper="@hillUpper" hillIndicator="@hillIndicator" hillDirection="@hillDirectionIndicator" indicator="@modelIndicator" vmax="@vmax" km="@km" sd="@errorSD"  kmSD="@kmSD" nsteps="1000"  />



            </distribution>
                
        </distribution>
            

         <operator id="errorSD.scale" spec="kernel.BactrianScaleOperator" parameter="@errorSD" scaleFactor="0.1" weight="2.0"/>


        <operator id="vmax.scale" spec="kernel.BactrianScaleOperator" parameter="@vmax" scaleFactor="0.1" weight="2.0"/> 
        <operator id="km.scale" spec="kernel.BactrianScaleOperator" parameter="@km" scaleFactor="0.1" weight="2.0"/>
        <operator id="kmSD.scale" spec="kernel.BactrianScaleOperator" parameter="@kmSD" scaleFactor="0.1" weight="2.0"/>
        <operator id="hillUpper.scale" spec="kernel.BactrianScaleOperator" parameter="@hillUpper" scaleFactor="0.1" weight="2.0"/>
        <operator id="hillLower.scale" spec="kernel.BactrianScaleOperator" parameter="@hillLower" scaleFactor="0.1" weight="2.0"/>


        



        <operator id="indicatorBitFlip" spec="BitFlipOperator" parameter="@modelIndicator" weight="1.0"/>
        <operator id="hillIndicatorBitFlip" spec="BitFlipOperator" parameter="@hillIndicator" weight="1.0"/>
        <operator id="hillDirectionIndicatorBitFlip" spec="BitFlipOperator" parameter="@hillDirectionIndicator" weight="1.0"/>

        


         <!-- AVMN -->
        <operator id="AdaptableVarianceMultivariateNormalOperator" spec="beast.base.evolution.operator.kernel.AdaptableVarianceMultivariateNormalOperator" 
            weight="5"
            coefficient="1"
            scaleFactor="1"
            beta="0.05"
            initial="1000"
            burnin="500"
            every="1">
            <transformations spec="beast.base.inference.operator.kernel.Transform$LogTransform">
                <f idref="vmax"/>
                <f idref="km"/>
                <f idref="kmSD"/>
                <f idref="errorSD"/>
            </transformations>

            <transformations spec="beast.base.inference.operator.kernel.Transform$LogitTransform">
                <f idref="hillLower"/>
            </transformations>


        
        </operator>


            
     
            
        <logger id="tracelog" spec="Logger" fileName="$(filebase).log" logEvery="40000" model="@posterior" sanitiseHeaders="true" sort="smart">
                    


            <log idref="posterior"/>
            <log idref="likelihood"/>
            <log idref="prior"/>
            
            
            <log idref="vmax" />
            <log idref="km" />
            <log idref="hillLower" />
            <log idref="hillUpper" />


            <log idref="kmSD" />
            <log idref="modelIndicator" />
            <log idref="hillIndicator" />
            <log idref="hillDirectionIndicator" />

            <log idref="errorSD" />

            <log idref="HKLikelihood" />
            
                    
                
        </logger>
            
        <logger id="screenlog" spec="Logger" logEvery="10000">
             <log idref="likelihood"/>

            <log idref="vmax" />
            <log idref="km" />
            <log idref="errorSD" />
            <log idref="kmSD" />
            

            <log idref="modelIndicator" />
            <log idref="hillIndicator" />
            <log idref="hillDirectionIndicator" />
        </logger>
          
    
    
        
    </run>

    

</beast>
